{
  "model_family": "xgboost",
  "model_file": "model.json",
  "training_parameters": {
    "objective": "binary:logistic",
    "eval_metric": "logloss",
    "n_estimators": 12,
    "max_depth": 4,
    "learning_rate": 0.1,
    "random_state": 42,
    "n_jobs": 1
  },
  "metrics": {
    "validation_0": {
      "logloss": [
        0.6527793241965534,
        0.6180305681890537,
        0.5874441578435493,
        0.5613240700943274,
        0.5386633662765492,
        0.5184127688407898,
        0.5008726896712867,
        0.48233971776435464,
        0.46720182173819447,
        0.4525553730999782,
        0.43963458534678385,
        0.4272307910172865
      ]
    },
    "validation_1": {
      "logloss": [
        0.6677251712659772,
        0.6507987326450562,
        0.6382504179236594,
        0.6220468637648593,
        0.6081745647982265,
        0.5995339202077201,
        0.5935532373658726,
        0.5850603155205759,
        0.577685022622012,
        0.569958890924293,
        0.5696441794044516,
        0.5683080170596584
      ]
    }
  },
  "target_mapping": {
    "0": 0,
    "1": 1
  }
}
