{
  "model_family": "xgboost",
  "model_file": "model.json",
  "training_parameters": {
    "objective": "binary:logistic",
    "eval_metric": "logloss",
    "n_estimators": 15,
    "max_depth": null,
    "learning_rate": 0.1,
    "random_state": 42,
    "n_jobs": 1
  },
  "metrics": {
    "validation_0": {
      "logloss": [
        0.6138966137864647,
        0.5711934892108029,
        0.5358681224840386,
        0.5063536917845631,
        0.47993317936112134,
        0.457681920551819,
        0.43766613064273713,
        0.4202780864432684,
        0.4031514626565856,
        0.38764463992055304,
        0.3733412356940092,
        0.3611864988466132,
        0.3500577572309954,
        0.3407541833201431,
        0.33145019717169677
      ]
    },
    "validation_1": {
      "logloss": [
        0.6314936799279759,
        0.605300893944301,
        0.5838798515582353,
        0.5671797270855207,
        0.5524962795584389,
        0.5413970266667645,
        0.5322985136776828,
        0.5277367078521279,
        0.5170165050900384,
        0.5117701060149107,
        0.5038029491231683,
        0.5001765671238471,
        0.4984613340557291,
        0.4947785039045168,
        0.4933265967064359
      ]
    }
  },
  "target_mapping": {
    "0": 0,
    "1": 1
  }
}
