{
  "model_family": "xgboost",
  "model_file": "model.json",
  "training_parameters": {
    "objective": "binary:logistic",
    "eval_metric": "logloss",
    "n_estimators": 13,
    "max_depth": null,
    "learning_rate": 0.1,
    "random_state": 42,
    "n_jobs": 1
  },
  "metrics": {
    "validation_0": {
      "logloss": [
        0.33138713513173534,
        0.3110475355143909,
        0.2960568463781079,
        0.284225557571798,
        0.2744266450658081,
        0.2657534179482347,
        0.25864286111156015,
        0.25213297980220906,
        0.24697602126722548,
        0.24231213603751997,
        0.23816603914108406,
        0.23427307112780252,
        0.2304899773275601
      ]
    },
    "validation_1": {
      "logloss": [
        0.3319281035557544,
        0.3119110924123175,
        0.29744340290431426,
        0.28620086537805495,
        0.2768034950637021,
        0.2687197498560242,
        0.26208177824673384,
        0.25616996438983886,
        0.25134328438360076,
        0.2474352041565523,
        0.24346011825312927,
        0.24020787222886464,
        0.2366893064627023
      ]
    }
  },
  "target_mapping": {
    "0": 0,
    "1": 1
  }
}
