x1,x2,target,x3
0.0902897700544083,0.835302495589238,0,0
0.22879816549162246,0.07697990982879299,0,0
0.5467102793432796,0.18485445552552704,0,1
0.3308980248526492,0.06355835028602363,0,1
0.3746126146264712,0.6258599157142364,0,1
0.42818414831731433,0.9666548190436696,1,1
0.5543540525114007,0.6117207462343522,1,1
0.8180147659224931,0.8607305832563434,1,1
0.6334037565104235,0.8714605901877177,1,1
0.34080354025301784,0.9307573256035647,1,1
