{
  "model_family": "xgboost",
  "model_file": "model.json",
  "training_parameters": {
    "objective": "binary:logistic",
    "eval_metric": "logloss",
    "n_estimators": 25,
    "max_depth": null,
    "learning_rate": 0.1,
    "random_state": 42,
    "n_jobs": 1
  },
  "metrics": {
    "validation_0": {
      "logloss": [
        0.5549200943238298,
        0.4895694316692755,
        0.43538690054080853,
        0.38982562552875194,
        0.35171103456490477,
        0.3180138496026187,
        0.2887980395429571,
        0.2637532282043511,
        0.2410222987683726,
        0.21995940437199366,
        0.20206647361038435,
        0.18528842291151973,
        0.16959409457696994,
        0.1563131377415758,
        0.14364656496425748,
        0.13304666209388788,
        0.12293035007068809,
        0.11356021222514166,
        0.10534704064714237,
        0.09775691689320014,
        0.090917963141077,
        0.08476408125019409,
        0.0794363090322471,
        0.07438202700774435,
        0.06999623806963504
      ]
    },
    "validation_1": {
      "logloss": [
        0.5574840803941091,
        0.4938748793469535,
        0.4417283526725239,
        0.3976013892226749,
        0.36228084233072066,
        0.33132316875788903,
        0.3049422821236981,
        0.282954396886958,
        0.2631432248486413,
        0.246308078782426,
        0.2321838637193044,
        0.2196775105678373,
        0.20707266881234115,
        0.19695964248643982,
        0.18726984866791302,
        0.17984319250616762,
        0.1689159135437674,
        0.16316251353257233,
        0.1541082907675041,
        0.1493687622456087,
        0.14530935034983689,
        0.13833802058878872,
        0.1353348774007625,
        0.1296255768587192,
        0.12754475553002623
      ]
    }
  },
  "target_mapping": {
    "0": 0,
    "1": 1
  }
}
