{
  "model_family": "xgboost",
  "model_file": "model.json",
  "training_parameters": {
    "objective": "binary:logistic",
    "eval_metric": "logloss",
    "n_estimators": 30,
    "max_depth": 6,
    "learning_rate": 0.1,
    "random_state": 42,
    "n_jobs": 1
  },
  "metrics": {
    "validation_0": {
      "logloss": [
        0.5763199950257937,
        0.5086052890278792,
        0.4519152645217745,
        0.40384933620429875,
        0.3612929489136788,
        0.3252512282904303,
        0.2941810914495012,
        0.26592475414406835,
        0.2415262822453913,
        0.2192433421549044,
        0.19956146059721186,
        0.18215758543004068,
        0.16688094848538176,
        0.15298954359860273,
        0.14079022351979165,
        0.12961305798799322,
        0.11972722288613256,
        0.1111416568685519,
        0.10321576593509108,
        0.09595246431662847,
        0.08922867952404838,
        0.08339287286722347,
        0.07750185030888308,
        0.0725715173441067,
        0.06769282387144733,
        0.06338980411620516,
        0.05950681051941948,
        0.05633844445018392,
        0.05302238786642097,
        0.05014678000129367
      ]
    },
    "validation_1": {
      "logloss": [
        0.5931169488261231,
        0.5389004449928756,
        0.4862367996072347,
        0.44866669916473656,
        0.41302315561117325,
        0.38288340842829344,
        0.35624619566761284,
        0.3367218355425691,
        0.3177549054401111,
        0.30459408264244553,
        0.29335496040572107,
        0.28331126417733926,
        0.2716552360659152,
        0.26541601741208437,
        0.25668125823799487,
        0.2515430971980095,
        0.24708759098981334,
        0.24043428337415762,
        0.23826434166558022,
        0.23675382262573832,
        0.23198349978280278,
        0.2307497639769474,
        0.2303046869954704,
        0.22711864051170053,
        0.22743368369683756,
        0.22685249273426236,
        0.22663262906789253,
        0.2263439103004943,
        0.2274475398976191,
        0.22617164572321735
      ]
    }
  },
  "target_mapping": {
    "0": 0,
    "1": 1
  }
}
